<?xml version="1.0" encoding="utf-8"?>
<Configuration>
    <Appenders>
        <RollingFile name="file"  class="org.apache.log4j.DailyRollingFileAppender"  fileName="${sys:mule.home}${sys:file.separator}logs${sys:file.separator}tsa_bi_report_batch1.log" 
                  filePattern="${sys:mule.home}${sys:file.separator}logs${sys:file.separator}tsa_bi_report_batch1_%d{dd-MM-yyyy}.log"
                 >
      	<PatternLayout pattern="%d [%7r] %5p - %c - %m%n"/>
      	<Policies>
        	<TimeBasedTriggeringPolicy interval="1"/>
     	</Policies> 
        </RollingFile>
    </Appenders>
    <Loggers>
        <!-- CXF is used heavily by Mule for web services -->
        <AsyncLogger name="org.apache.cxf" level="WARN"/>

        <!-- Apache Commons tend to make a lot of noise which can clutter the log-->
        <AsyncLogger name="org.apache" level="WARN"/>

        <!-- Reduce startup noise -->
        <AsyncLogger name="org.springframework.beans.factory" level="WARN"/>

        <!-- Mule classes -->
        <AsyncLogger name="org.mule" level="INFO"/>
        <AsyncLogger name="com.mulesoft" level="INFO"/>

        <!-- Reduce DM verbosity -->
        <AsyncLogger name="org.jetel" level="WARN"/>
        <AsyncLogger name="Tracking" level="WARN"/>
        
        <AsyncRoot level="INFO">
            <AppenderRef ref="file" />
        </AsyncRoot>
    </Loggers>
</Configuration>